-- MATH GO: import variants
BEGIN;
DELETE FROM tests WHERE id IN ('a0000000-0000-0000-0000-000000000001','a0000000-0000-0000-0000-000000000002','a0000000-0000-0000-0000-000000000003','a0000000-0000-0000-0000-000000000004','a0000000-0000-0000-0000-000000000005');
INSERT INTO tests (id,title,subject,duration_minutes,description,is_published) VALUES ('a0000000-0000-0000-0000-000000000001','MATH GO - Variant 1','math',60,'Abituriyent matematika varianti 1',true);
INSERT INTO questions (id,test_id,question_text,topic,order_index,correct_answer) VALUES ('b0000000-0000-0000-0000-000000000001','a0000000-0000-0000-0000-000000000001','Agar $a + b = 5$ va $ab = 6$ bo''lsa, $a^2 + b^2$ ning qiymatini toping.','Algebra va sonlar nazariyasi',1,'A');
INSERT INTO choices (id,question_id,choice_text,is_correct,order_index) VALUES ('c0000000-0000-0000-0000-000000000001','b0000000-0000-0000-0000-000000000001','A) 13',true,0);
INSERT INTO choices (id,question_id,choice_text,is_correct,order_index) VALUES ('c0000000-0000-0000-0000-000000000002','b0000000-0000-0000-0000-000000000001','B) 25',false,1);
INSERT INTO choices (id,question_id,choice_text,is_correct,order_index) VALUES ('c0000000-0000-0000-0000-000000000003','b0000000-0000-0000-0000-000000000001','C) 19',false,2);
INSERT INTO choices (id,question_id,choice_text,is_correct,order_index) VALUES ('c0000000-0000-0000-0000-000000000004','b0000000-0000-0000-0000-000000000001','D) 11',false,3);
INSERT INTO questions (id,test_id,question_text,topic,order_index,correct_answer) VALUES ('b0000000-0000-0000-0000-000000000002','a0000000-0000-0000-0000-000000000001','30 va 45 sonlarining eng kichik umumiy karralisini (EKUK) toping.','Algebra va sonlar nazariyasi',2,'B');
INSERT INTO choices (id,question_id,choice_text,is_correct,order_index) VALUES ('c0000000-0000-0000-0000-000000000005','b0000000-0000-0000-0000-000000000002','A) 15',false,0);
INSERT INTO choices (id,question_id,choice_text,is_correct,order_index) VALUES ('c0000000-0000-0000-0000-000000000006','b0000000-0000-0000-0000-000000000002','B) 90',true,1);
INSERT INTO choices (id,question_id,choice_text,is_correct,order_index) VALUES ('c0000000-0000-0000-0000-000000000007','b0000000-0000-0000-0000-000000000002','C) 135',false,2);
INSERT INTO choices (id,question_id,choice_text,is_correct,order_index) VALUES ('c0000000-0000-0000-0000-000000000008','b0000000-0000-0000-0000-000000000002','D) 60',false,3);
INSERT INTO questions (id,test_id,question_text,topic,order_index,correct_answer) VALUES ('b0000000-0000-0000-0000-000000000003','a0000000-0000-0000-0000-000000000001','Tenglamani yeching: $2x - 7 = 3x + 5$','Algebra va sonlar nazariyasi',3,'B');
INSERT INTO choices (id,question_id,choice_text,is_correct,order_index) VALUES ('c0000000-0000-0000-0000-000000000009','b0000000-0000-0000-0000-000000000003','A) 12',false,0);
INSERT INTO choices (id,question_id,choice_text,is_correct,order_index) VALUES ('c0000000-0000-0000-0000-000000000010','b0000000-0000-0000-0000-000000000003','B) -12',true,1);
INSERT INTO choices (id,question_id,choice_text,is_correct,order_index) VALUES ('c0000000-0000-0000-0000-000000000011','b0000000-0000-0000-0000-000000000003','C) 2',false,2);
INSERT INTO choices (id,question_id,choice_text,is_correct,order_index) VALUES ('c0000000-0000-0000-0000-000000000012','b0000000-0000-0000-0000-000000000003','D) -2',false,3);
INSERT INTO questions (id,test_id,question_text,topic,order_index,correct_answer) VALUES ('b0000000-0000-0000-0000-000000000004','a0000000-0000-0000-0000-000000000001','$y = kx + b$ chiziqli funksiya grafiklari $k > 0$ va $b < 0$ bo''lganda qaysi choraklardan o''tadi?','Funksiyalar va tenglamalar',4,'B');
INSERT INTO choices (id,question_id,choice_text,is_correct,order_index) VALUES ('c0000000-0000-0000-0000-000000000013','b0000000-0000-0000-0000-000000000004','A) I, II, III',false,0);
INSERT INTO choices (id,question_id,choice_text,is_correct,order_index) VALUES ('c0000000-0000-0000-0000-000000000014','b0000000-0000-0000-0000-000000000004','B) I, III, IV',true,1);
INSERT INTO choices (id,question_id,choice_text,is_correct,order_index) VALUES ('c0000000-0000-0000-0000-000000000015','b0000000-0000-0000-0000-000000000004','C) II, III, IV',false,2);
INSERT INTO choices (id,question_id,choice_text,is_correct,order_index) VALUES ('c0000000-0000-0000-0000-000000000016','b0000000-0000-0000-0000-000000000004','D) I, II, IV',false,3);
INSERT INTO questions (id,test_id,question_text,topic,order_index,correct_answer) VALUES ('b0000000-0000-0000-0000-000000000005','a0000000-0000-0000-0000-000000000001','$x^2 - 5x + 6 = 0$ kvadrat tenglamaning ildizlari ko''paytmasini toping.','Funksiyalar va tenglamalar',5,'C');
INSERT INTO choices (id,question_id,choice_text,is_correct,order_index) VALUES ('c0000000-0000-0000-0000-000000000017','b0000000-0000-0000-0000-000000000005','A) 5',false,0);
INSERT INTO choices (id,question_id,choice_text,is_correct,order_index) VALUES ('c0000000-0000-0000-0000-000000000018','b0000000-0000-0000-0000-000000000005','B) -5',false,1);
INSERT INTO choices (id,question_id,choice_text,is_correct,order_index) VALUES ('c0000000-0000-0000-0000-000000000019','b0000000-0000-0000-0000-000000000005','C) 6',true,2);
INSERT INTO choices (id,question_id,choice_text,is_correct,order_index) VALUES ('c0000000-0000-0000-0000-000000000020','b0000000-0000-0000-0000-000000000005','D) -6',false,3);
INSERT INTO questions (id,test_id,question_text,topic,order_index,correct_answer) VALUES ('b0000000-0000-0000-0000-000000000006','a0000000-0000-0000-0000-000000000001','Funksiyaning aniqlanish sohasini toping: $y = \sqrt{x - 4}$','Funksiyalar va tenglamalar',6,'A');
INSERT INTO choices (id,question_id,choice_text,is_correct,order_index) VALUES ('c0000000-0000-0000-0000-000000000021','b0000000-0000-0000-0000-000000000006','A) $x \geq 4$',true,0);
INSERT INTO choices (id,question_id,choice_text,is_correct,order_index) VALUES ('c0000000-0000-0000-0000-000000000022','b0000000-0000-0000-0000-000000000006','B) $x > 4$',false,1);
INSERT INTO choices (id,question_id,choice_text,is_correct,order_index) VALUES ('c0000000-0000-0000-0000-000000000023','b0000000-0000-0000-0000-000000000006','C) $x \leq 4$',false,2);
INSERT INTO choices (id,question_id,choice_text,is_correct,order_index) VALUES ('c0000000-0000-0000-0000-000000000024','b0000000-0000-0000-0000-000000000006','D) Barcha haqiqiy sonlar',false,3);
INSERT INTO questions (id,test_id,question_text,topic,order_index,correct_answer) VALUES ('b0000000-0000-0000-0000-000000000007','a0000000-0000-0000-0000-000000000001','To''g''ri burchakli uchburchakning katetlari 6 va 8 ga teng. Gipotenuzasini toping.','Geometriya (Planimetriya)',7,'A');
INSERT INTO choices (id,question_id,choice_text,is_correct,order_index) VALUES ('c0000000-0000-0000-0000-000000000025','b0000000-0000-0000-0000-000000000007','A) 10',true,0);
INSERT INTO choices (id,question_id,choice_text,is_correct,order_index) VALUES ('c0000000-0000-0000-0000-000000000026','b0000000-0000-0000-0000-000000000007','B) 14',false,1);
INSERT INTO choices (id,question_id,choice_text,is_correct,order_index) VALUES ('c0000000-0000-0000-0000-000000000027','b0000000-0000-0000-0000-000000000007','C) 7',false,2);
INSERT INTO choices (id,question_id,choice_text,is_correct,order_index) VALUES ('c0000000-0000-0000-0000-000000000028','b0000000-0000-0000-0000-000000000007','D) 12',false,3);
INSERT INTO questions (id,test_id,question_text,topic,order_index,correct_answer) VALUES ('b0000000-0000-0000-0000-000000000008','a0000000-0000-0000-0000-000000000001','Muntazam oltiburchakning ichki burchaklari yig''indisi nechaga teng?','Geometriya (Planimetriya)',8,'C');
INSERT INTO choices (id,question_id,choice_text,is_correct,order_index) VALUES ('c0000000-0000-0000-0000-000000000029','b0000000-0000-0000-0000-000000000008','A) $360^\circ$',false,0);
INSERT INTO choices (id,question_id,choice_text,is_correct,order_index) VALUES ('c0000000-0000-0000-0000-000000000030','b0000000-0000-0000-0000-000000000008','B) $540^\circ$',false,1);
INSERT INTO choices (id,question_id,choice_text,is_correct,order_index) VALUES ('c0000000-0000-0000-0000-000000000031','b0000000-0000-0000-0000-000000000008','C) $720^\circ$',true,2);
INSERT INTO choices (id,question_id,choice_text,is_correct,order_index) VALUES ('c0000000-0000-0000-0000-000000000032','b0000000-0000-0000-0000-000000000008','D) $180^\circ$',false,3);
INSERT INTO questions (id,test_id,question_text,topic,order_index,correct_answer) VALUES ('b0000000-0000-0000-0000-000000000009','a0000000-0000-0000-0000-000000000001','Radiusi 5 ga teng bo''lgan doiraning yuzini toping.','Geometriya (Planimetriya)',9,'B');
INSERT INTO choices (id,question_id,choice_text,is_correct,order_index) VALUES ('c0000000-0000-0000-0000-000000000033','b0000000-0000-0000-0000-000000000009','A) $10\pi$',false,0);
INSERT INTO choices (id,question_id,choice_text,is_correct,order_index) VALUES ('c0000000-0000-0000-0000-000000000034','b0000000-0000-0000-0000-000000000009','B) $25\pi$',true,1);
INSERT INTO choices (id,question_id,choice_text,is_correct,order_index) VALUES ('c0000000-0000-0000-0000-000000000035','b0000000-0000-0000-0000-000000000009','C) $5\pi$',false,2);
INSERT INTO choices (id,question_id,choice_text,is_correct,order_index) VALUES ('c0000000-0000-0000-0000-000000000036','b0000000-0000-0000-0000-000000000009','D) $20\pi$',false,3);
INSERT INTO questions (id,test_id,question_text,topic,order_index,correct_answer) VALUES ('b0000000-0000-0000-0000-000000000010','a0000000-0000-0000-0000-000000000001','Kubning qirrasi 3 ga teng bo''lsa, uning to''la sirti yuzini toping.','Stereometriya va Fazoviy shakllar',10,'B');
INSERT INTO choices (id,question_id,choice_text,is_correct,order_index) VALUES ('c0000000-0000-0000-0000-000000000037','b0000000-0000-0000-0000-000000000010','A) 27',false,0);
INSERT INTO choices (id,question_id,choice_text,is_correct,order_index) VALUES ('c0000000-0000-0000-0000-000000000038','b0000000-0000-0000-0000-000000000010','B) 54',true,1);
INSERT INTO choices (id,question_id,choice_text,is_correct,order_index) VALUES ('c0000000-0000-0000-0000-000000000039','b0000000-0000-0000-0000-000000000010','C) 36',false,2);
INSERT INTO choices (id,question_id,choice_text,is_correct,order_index) VALUES ('c0000000-0000-0000-0000-000000000040','b0000000-0000-0000-0000-000000000010','D) 9',false,3);
INSERT INTO questions (id,test_id,question_text,topic,order_index,correct_answer) VALUES ('b0000000-0000-0000-0000-000000000011','a0000000-0000-0000-0000-000000000001','Asosining radiusi 3 va balandligi 4 ga teng bo''lgan konusning yasovchisini toping.','Stereometriya va Fazoviy shakllar',11,'A');
INSERT INTO choices (id,question_id,choice_text,is_correct,order_index) VALUES ('c0000000-0000-0000-0000-000000000041','b0000000-0000-0000-0000-000000000011','A) 5',true,0);
INSERT INTO choices (id,question_id,choice_text,is_correct,order_index) VALUES ('c0000000-0000-0000-0000-000000000042','b0000000-0000-0000-0000-000000000011','B) 7',false,1);
INSERT INTO choices (id,question_id,choice_text,is_correct,order_index) VALUES ('c0000000-0000-0000-0000-000000000043','b0000000-0000-0000-0000-000000000011','C) 25',false,2);
INSERT INTO choices (id,question_id,choice_text,is_correct,order_index) VALUES ('c0000000-0000-0000-0000-000000000044','b0000000-0000-0000-0000-000000000011','D) 6',false,3);
INSERT INTO questions (id,test_id,question_text,topic,order_index,correct_answer) VALUES ('b0000000-0000-0000-0000-000000000012','a0000000-0000-0000-0000-000000000001','Radiusi 3 ga teng bo''lgan sharning hajmini toping.','Stereometriya va Fazoviy shakllar',12,'A');
INSERT INTO choices (id,question_id,choice_text,is_correct,order_index) VALUES ('c0000000-0000-0000-0000-000000000045','b0000000-0000-0000-0000-000000000012','A) $36\pi$',true,0);
INSERT INTO choices (id,question_id,choice_text,is_correct,order_index) VALUES ('c0000000-0000-0000-0000-000000000046','b0000000-0000-0000-0000-000000000012','B) $12\pi$',false,1);
INSERT INTO choices (id,question_id,choice_text,is_correct,order_index) VALUES ('c0000000-0000-0000-0000-000000000047','b0000000-0000-0000-0000-000000000012','C) $27\pi$',false,2);
INSERT INTO choices (id,question_id,choice_text,is_correct,order_index) VALUES ('c0000000-0000-0000-0000-000000000048','b0000000-0000-0000-0000-000000000012','D) $9\pi$',false,3);
INSERT INTO tests (id,title,subject,duration_minutes,description,is_published) VALUES ('a0000000-0000-0000-0000-000000000002','MATH GO - Variant 2','math',60,'Abituriyent matematika varianti 2',true);
INSERT INTO questions (id,test_id,question_text,topic,order_index,correct_answer) VALUES ('b0000000-0000-0000-0000-000000000013','a0000000-0000-0000-0000-000000000002','Arifmetik progressiyada $a_1 = 3$ va $d = 4$ bo''lsa, $a_5$ ni toping.','Algebra va sonlar nazariyasi',1,'B');
INSERT INTO choices (id,question_id,choice_text,is_correct,order_index) VALUES ('c0000000-0000-0000-0000-000000000049','b0000000-0000-0000-0000-000000000013','A) 15',false,0);
INSERT INTO choices (id,question_id,choice_text,is_correct,order_index) VALUES ('c0000000-0000-0000-0000-000000000050','b0000000-0000-0000-0000-000000000013','B) 19',true,1);
INSERT INTO choices (id,question_id,choice_text,is_correct,order_index) VALUES ('c0000000-0000-0000-0000-000000000051','b0000000-0000-0000-0000-000000000013','C) 23',false,2);
INSERT INTO choices (id,question_id,choice_text,is_correct,order_index) VALUES ('c0000000-0000-0000-0000-000000000052','b0000000-0000-0000-0000-000000000013','D) 12',false,3);
INSERT INTO questions (id,test_id,question_text,topic,order_index,correct_answer) VALUES ('b0000000-0000-0000-0000-000000000014','a0000000-0000-0000-0000-000000000002','Soddalashtiring: $(x-2)^2 - (x+2)^2$','Algebra va sonlar nazariyasi',2,'A');
INSERT INTO choices (id,question_id,choice_text,is_correct,order_index) VALUES ('c0000000-0000-0000-0000-000000000053','b0000000-0000-0000-0000-000000000014','A) $-8x$',true,0);
INSERT INTO choices (id,question_id,choice_text,is_correct,order_index) VALUES ('c0000000-0000-0000-0000-000000000054','b0000000-0000-0000-0000-000000000014','B) $8x$',false,1);
INSERT INTO choices (id,question_id,choice_text,is_correct,order_index) VALUES ('c0000000-0000-0000-0000-000000000055','b0000000-0000-0000-0000-000000000014','C) $-4x$',false,2);
INSERT INTO choices (id,question_id,choice_text,is_correct,order_index) VALUES ('c0000000-0000-0000-0000-000000000056','b0000000-0000-0000-0000-000000000014','D) 0',false,3);
INSERT INTO questions (id,test_id,question_text,topic,order_index,correct_answer) VALUES ('b0000000-0000-0000-0000-000000000015','a0000000-0000-0000-0000-000000000002','Qaysi son 3 ga ham, 5 ga ham qoldıqsiz bo''linadi?','Algebra va sonlar nazariyasi',3,'C');
INSERT INTO choices (id,question_id,choice_text,is_correct,order_index) VALUES ('c0000000-0000-0000-0000-000000000057','b0000000-0000-0000-0000-000000000015','A) 125',false,0);
INSERT INTO choices (id,question_id,choice_text,is_correct,order_index) VALUES ('c0000000-0000-0000-0000-000000000058','b0000000-0000-0000-0000-000000000015','B) 235',false,1);
INSERT INTO choices (id,question_id,choice_text,is_correct,order_index) VALUES ('c0000000-0000-0000-0000-000000000059','b0000000-0000-0000-0000-000000000015','C) 420',true,2);
INSERT INTO choices (id,question_id,choice_text,is_correct,order_index) VALUES ('c0000000-0000-0000-0000-000000000060','b0000000-0000-0000-0000-000000000015','D) 313',false,3);
INSERT INTO questions (id,test_id,question_text,topic,order_index,correct_answer) VALUES ('b0000000-0000-0000-0000-000000000016','a0000000-0000-0000-0000-000000000002','Tengsizlikni yeching: $x^2 - 4 < 0$','Funksiyalar va tenglamalar',4,'C');
INSERT INTO choices (id,question_id,choice_text,is_correct,order_index) VALUES ('c0000000-0000-0000-0000-000000000061','b0000000-0000-0000-0000-000000000016','A) $x < 2$',false,0);
INSERT INTO choices (id,question_id,choice_text,is_correct,order_index) VALUES ('c0000000-0000-0000-0000-000000000062','b0000000-0000-0000-0000-000000000016','B) $x > -2$',false,1);
INSERT INTO choices (id,question_id,choice_text,is_correct,order_index) VALUES ('c0000000-0000-0000-0000-000000000063','b0000000-0000-0000-0000-000000000016','C) $(-2; 2)$',true,2);
INSERT INTO choices (id,question_id,choice_text,is_correct,order_index) VALUES ('c0000000-0000-0000-0000-000000000064','b0000000-0000-0000-0000-000000000016','D) $(-\infty; -2) \cup (2; \infty)$',false,3);
INSERT INTO questions (id,test_id,question_text,topic,order_index,correct_answer) VALUES ('b0000000-0000-0000-0000-000000000017','a0000000-0000-0000-0000-000000000002','$y = x^2 - 4x + 5$ parabolaning uchining koordinatalarini toping.','Funksiyalar va tenglamalar',5,'A');
INSERT INTO choices (id,question_id,choice_text,is_correct,order_index) VALUES ('c0000000-0000-0000-0000-000000000065','b0000000-0000-0000-0000-000000000017','A) $(2; 1)$',true,0);
INSERT INTO choices (id,question_id,choice_text,is_correct,order_index) VALUES ('c0000000-0000-0000-0000-000000000066','b0000000-0000-0000-0000-000000000017','B) $(-2; 1)$',false,1);
INSERT INTO choices (id,question_id,choice_text,is_correct,order_index) VALUES ('c0000000-0000-0000-0000-000000000067','b0000000-0000-0000-0000-000000000017','C) $(2; -1)$',false,2);
INSERT INTO choices (id,question_id,choice_text,is_correct,order_index) VALUES ('c0000000-0000-0000-0000-000000000068','b0000000-0000-0000-0000-000000000017','D) $(1; 2)$',false,3);
INSERT INTO questions (id,test_id,question_text,topic,order_index,correct_answer) VALUES ('b0000000-0000-0000-0000-000000000018','a0000000-0000-0000-0000-000000000002','Tenglamalar sistemasini yeching: $\begin{cases} x + y = 6 \\ x - y = 2 \end{cases}$ va $xy$ ko''paytmani toping.','Funksiyalar va tenglamalar',6,'A');
INSERT INTO choices (id,question_id,choice_text,is_correct,order_index) VALUES ('c0000000-0000-0000-0000-000000000069','b0000000-0000-0000-0000-000000000018','A) 8',true,0);
INSERT INTO choices (id,question_id,choice_text,is_correct,order_index) VALUES ('c0000000-0000-0000-0000-000000000070','b0000000-0000-0000-0000-000000000018','B) 12',false,1);
INSERT INTO choices (id,question_id,choice_text,is_correct,order_index) VALUES ('c0000000-0000-0000-0000-000000000071','b0000000-0000-0000-0000-000000000018','C) 6',false,2);
INSERT INTO choices (id,question_id,choice_text,is_correct,order_index) VALUES ('c0000000-0000-0000-0000-000000000072','b0000000-0000-0000-0000-000000000018','D) 4',false,3);
INSERT INTO questions (id,test_id,question_text,topic,order_index,correct_answer) VALUES ('b0000000-0000-0000-0000-000000000019','a0000000-0000-0000-0000-000000000002','Uchburchakning ikki tomoni 5 va 7 ga, ular orasidagi burchak $60^\circ$ ga teng. Uchinchi tomonini toping.','Geometriya (Planimetriya)',7,'A');
INSERT INTO choices (id,question_id,choice_text,is_correct,order_index) VALUES ('c0000000-0000-0000-0000-000000000073','b0000000-0000-0000-0000-000000000019','A) $\sqrt{39}$',true,0);
INSERT INTO choices (id,question_id,choice_text,is_correct,order_index) VALUES ('c0000000-0000-0000-0000-000000000074','b0000000-0000-0000-0000-000000000019','B) 39',false,1);
INSERT INTO choices (id,question_id,choice_text,is_correct,order_index) VALUES ('c0000000-0000-0000-0000-000000000075','b0000000-0000-0000-0000-000000000019','C) $\sqrt{74}$',false,2);
INSERT INTO choices (id,question_id,choice_text,is_correct,order_index) VALUES ('c0000000-0000-0000-0000-000000000076','b0000000-0000-0000-0000-000000000019','D) 8',false,3);
INSERT INTO questions (id,test_id,question_text,topic,order_index,correct_answer) VALUES ('b0000000-0000-0000-0000-000000000020','a0000000-0000-0000-0000-000000000002','Rombning diagonallari 12 va 16 ga teng. Rombning tomonini toping.','Geometriya (Planimetriya)',8,'A');
INSERT INTO choices (id,question_id,choice_text,is_correct,order_index) VALUES ('c0000000-0000-0000-0000-000000000077','b0000000-0000-0000-0000-000000000020','A) 10',true,0);
INSERT INTO choices (id,question_id,choice_text,is_correct,order_index) VALUES ('c0000000-0000-0000-0000-000000000078','b0000000-0000-0000-0000-000000000020','B) 14',false,1);
INSERT INTO choices (id,question_id,choice_text,is_correct,order_index) VALUES ('c0000000-0000-0000-0000-000000000079','b0000000-0000-0000-0000-000000000020','C) 20',false,2);
INSERT INTO choices (id,question_id,choice_text,is_correct,order_index) VALUES ('c0000000-0000-0000-0000-000000000080','b0000000-0000-0000-0000-000000000020','D) 8',false,3);
INSERT INTO questions (id,test_id,question_text,topic,order_index,correct_answer) VALUES ('b0000000-0000-0000-0000-000000000021','a0000000-0000-0000-0000-000000000002','Trapetsiyaning asoslari 8 va 12 ga, balandligi 5 ga teng. Uning yuzini toping.','Geometriya (Planimetriya)',9,'A');
INSERT INTO choices (id,question_id,choice_text,is_correct,order_index) VALUES ('c0000000-0000-0000-0000-000000000081','b0000000-0000-0000-0000-000000000021','A) 50',true,0);
INSERT INTO choices (id,question_id,choice_text,is_correct,order_index) VALUES ('c0000000-0000-0000-0000-000000000082','b0000000-0000-0000-0000-000000000021','B) 100',false,1);
INSERT INTO choices (id,question_id,choice_text,is_correct,order_index) VALUES ('c0000000-0000-0000-0000-000000000083','b0000000-0000-0000-0000-000000000021','C) 48',false,2);
INSERT INTO choices (id,question_id,choice_text,is_correct,order_index) VALUES ('c0000000-0000-0000-0000-000000000084','b0000000-0000-0000-0000-000000000021','D) 60',false,3);
INSERT INTO questions (id,test_id,question_text,topic,order_index,correct_answer) VALUES ('b0000000-0000-0000-0000-000000000022','a0000000-0000-0000-0000-000000000002','To''g''ri burchakli parallelepipedning o''lchamlari 2, 3 va 4 ga teng. Uning hajmini toping.','Stereometriya va Fazoviy shakllar',10,'A');
INSERT INTO choices (id,question_id,choice_text,is_correct,order_index) VALUES ('c0000000-0000-0000-0000-000000000085','b0000000-0000-0000-0000-000000000022','A) 24',true,0);
INSERT INTO choices (id,question_id,choice_text,is_correct,order_index) VALUES ('c0000000-0000-0000-0000-000000000086','b0000000-0000-0000-0000-000000000022','B) 9',false,1);
INSERT INTO choices (id,question_id,choice_text,is_correct,order_index) VALUES ('c0000000-0000-0000-0000-000000000087','b0000000-0000-0000-0000-000000000022','C) 12',false,2);
INSERT INTO choices (id,question_id,choice_text,is_correct,order_index) VALUES ('c0000000-0000-0000-0000-000000000088','b0000000-0000-0000-0000-000000000022','D) 48',false,3);
INSERT INTO questions (id,test_id,question_text,topic,order_index,correct_answer) VALUES ('b0000000-0000-0000-0000-000000000023','a0000000-0000-0000-0000-000000000002','Silindrning asosi radiusi 2 va balandligi 5 ga teng. Yon sirti yuzini toping.','Stereometriya va Fazoviy shakllar',11,'A');
INSERT INTO choices (id,question_id,choice_text,is_correct,order_index) VALUES ('c0000000-0000-0000-0000-000000000089','b0000000-0000-0000-0000-000000000023','A) $20\pi$',true,0);
INSERT INTO choices (id,question_id,choice_text,is_correct,order_index) VALUES ('c0000000-0000-0000-0000-000000000090','b0000000-0000-0000-0000-000000000023','B) $10\pi$',false,1);
INSERT INTO choices (id,question_id,choice_text,is_correct,order_index) VALUES ('c0000000-0000-0000-0000-000000000091','b0000000-0000-0000-0000-000000000023','C) $28\pi$',false,2);
INSERT INTO choices (id,question_id,choice_text,is_correct,order_index) VALUES ('c0000000-0000-0000-0000-000000000092','b0000000-0000-0000-0000-000000000023','D) $15\pi$',false,3);
INSERT INTO questions (id,test_id,question_text,topic,order_index,correct_answer) VALUES ('b0000000-0000-0000-0000-000000000024','a0000000-0000-0000-0000-000000000002','Muntazam to''rtburchakli piramidaning asosining tomoni 4, balandligi 3 ga teng. Hajmini toping.','Stereometriya va Fazoviy shakllar',12,'A');
INSERT INTO choices (id,question_id,choice_text,is_correct,order_index) VALUES ('c0000000-0000-0000-0000-000000000093','b0000000-0000-0000-0000-000000000024','A) 16',true,0);
INSERT INTO choices (id,question_id,choice_text,is_correct,order_index) VALUES ('c0000000-0000-0000-0000-000000000094','b0000000-0000-0000-0000-000000000024','B) 48',false,1);
INSERT INTO choices (id,question_id,choice_text,is_correct,order_index) VALUES ('c0000000-0000-0000-0000-000000000095','b0000000-0000-0000-0000-000000000024','C) 12',false,2);
INSERT INTO choices (id,question_id,choice_text,is_correct,order_index) VALUES ('c0000000-0000-0000-0000-000000000096','b0000000-0000-0000-0000-000000000024','D) 24',false,3);
INSERT INTO tests (id,title,subject,duration_minutes,description,is_published) VALUES ('a0000000-0000-0000-0000-000000000003','MATH GO - Variant 3','math',60,'Abituriyent matematika varianti 3',true);
INSERT INTO questions (id,test_id,question_text,topic,order_index,correct_answer) VALUES ('b0000000-0000-0000-0000-000000000025','a0000000-0000-0000-0000-000000000003','Geometrik progressiyada $b_1 = 2$ va $q = 3$ bo''lsa, dastlabki 3 ta hadining yig''indisini toping.','Algebra va sonlar nazariyasi',1,'A');
INSERT INTO choices (id,question_id,choice_text,is_correct,order_index) VALUES ('c0000000-0000-0000-0000-000000000097','b0000000-0000-0000-0000-000000000025','A) 26',true,0);
INSERT INTO choices (id,question_id,choice_text,is_correct,order_index) VALUES ('c0000000-0000-0000-0000-000000000098','b0000000-0000-0000-0000-000000000025','B) 18',false,1);
INSERT INTO choices (id,question_id,choice_text,is_correct,order_index) VALUES ('c0000000-0000-0000-0000-000000000099','b0000000-0000-0000-0000-000000000025','C) 24',false,2);
INSERT INTO choices (id,question_id,choice_text,is_correct,order_index) VALUES ('c0000000-0000-0000-0000-000000000100','b0000000-0000-0000-0000-000000000025','D) 14',false,3);
INSERT INTO questions (id,test_id,question_text,topic,order_index,correct_answer) VALUES ('b0000000-0000-0000-0000-000000000026','a0000000-0000-0000-0000-000000000003','Hisoblang: $\frac{2^5 \cdot 4^2}{8^2}$','Algebra va sonlar nazariyasi',2,'A');
INSERT INTO choices (id,question_id,choice_text,is_correct,order_index) VALUES ('c0000000-0000-0000-0000-000000000101','b0000000-0000-0000-0000-000000000026','A) 8',true,0);
INSERT INTO choices (id,question_id,choice_text,is_correct,order_index) VALUES ('c0000000-0000-0000-0000-000000000102','b0000000-0000-0000-0000-000000000026','B) 4',false,1);
INSERT INTO choices (id,question_id,choice_text,is_correct,order_index) VALUES ('c0000000-0000-0000-0000-000000000103','b0000000-0000-0000-0000-000000000026','C) 16',false,2);
INSERT INTO choices (id,question_id,choice_text,is_correct,order_index) VALUES ('c0000000-0000-0000-0000-000000000104','b0000000-0000-0000-0000-000000000026','D) 2',false,3);
INSERT INTO questions (id,test_id,question_text,topic,order_index,correct_answer) VALUES ('b0000000-0000-0000-0000-000000000027','a0000000-0000-0000-0000-000000000003','Kasrning maxrajini irratsionallikdan qutqaring: $\frac{6}{\sqrt{3}}$','Algebra va sonlar nazariyasi',3,'A');
INSERT INTO choices (id,question_id,choice_text,is_correct,order_index) VALUES ('c0000000-0000-0000-0000-000000000105','b0000000-0000-0000-0000-000000000027','A) $2\sqrt{3}$',true,0);
INSERT INTO choices (id,question_id,choice_text,is_correct,order_index) VALUES ('c0000000-0000-0000-0000-000000000106','b0000000-0000-0000-0000-000000000027','B) $3\sqrt{3}$',false,1);
INSERT INTO choices (id,question_id,choice_text,is_correct,order_index) VALUES ('c0000000-0000-0000-0000-000000000107','b0000000-0000-0000-0000-000000000027','C) $\sqrt{3}$',false,2);
INSERT INTO choices (id,question_id,choice_text,is_correct,order_index) VALUES ('c0000000-0000-0000-0000-000000000108','b0000000-0000-0000-0000-000000000027','D) 2',false,3);
INSERT INTO questions (id,test_id,question_text,topic,order_index,correct_answer) VALUES ('b0000000-0000-0000-0000-000000000028','a0000000-0000-0000-0000-000000000003','Tenglamani yeching: $|x - 3| = 5$','Funksiyalar va tenglamalar',4,'A');
INSERT INTO choices (id,question_id,choice_text,is_correct,order_index) VALUES ('c0000000-0000-0000-0000-000000000109','b0000000-0000-0000-0000-000000000028','A) 8 va -2',true,0);
INSERT INTO choices (id,question_id,choice_text,is_correct,order_index) VALUES ('c0000000-0000-0000-0000-000000000110','b0000000-0000-0000-0000-000000000028','B) 8 va 2',false,1);
INSERT INTO choices (id,question_id,choice_text,is_correct,order_index) VALUES ('c0000000-0000-0000-0000-000000000111','b0000000-0000-0000-0000-000000000028','C) -8 va 2',false,2);
INSERT INTO choices (id,question_id,choice_text,is_correct,order_index) VALUES ('c0000000-0000-0000-0000-000000000112','b0000000-0000-0000-0000-000000000028','D) Faqat 8',false,3);
INSERT INTO questions (id,test_id,question_text,topic,order_index,correct_answer) VALUES ('b0000000-0000-0000-0000-000000000029','a0000000-0000-0000-0000-000000000003','$y = \log_2(x - 1)$ funksiyaning aniqlanish sohasini toping.','Funksiyalar va tenglamalar',5,'A');
INSERT INTO choices (id,question_id,choice_text,is_correct,order_index) VALUES ('c0000000-0000-0000-0000-000000000113','b0000000-0000-0000-0000-000000000029','A) $x > 1$',true,0);
INSERT INTO choices (id,question_id,choice_text,is_correct,order_index) VALUES ('c0000000-0000-0000-0000-000000000114','b0000000-0000-0000-0000-000000000029','B) $x \geq 1$',false,1);
INSERT INTO choices (id,question_id,choice_text,is_correct,order_index) VALUES ('c0000000-0000-0000-0000-000000000115','b0000000-0000-0000-0000-000000000029','C) $x > 0$',false,2);
INSERT INTO choices (id,question_id,choice_text,is_correct,order_index) VALUES ('c0000000-0000-0000-0000-000000000116','b0000000-0000-0000-0000-000000000029','D) Barcha sonlar',false,3);
INSERT INTO questions (id,test_id,question_text,topic,order_index,correct_answer) VALUES ('b0000000-0000-0000-0000-000000000030','a0000000-0000-0000-0000-000000000003','Ko''rsatkichli tenglamani yeching: $3^{x+1} = 27$','Funksiyalar va tenglamalar',6,'A');
INSERT INTO choices (id,question_id,choice_text,is_correct,order_index) VALUES ('c0000000-0000-0000-0000-000000000117','b0000000-0000-0000-0000-000000000030','A) 2',true,0);
INSERT INTO choices (id,question_id,choice_text,is_correct,order_index) VALUES ('c0000000-0000-0000-0000-000000000118','b0000000-0000-0000-0000-000000000030','B) 3',false,1);
INSERT INTO choices (id,question_id,choice_text,is_correct,order_index) VALUES ('c0000000-0000-0000-0000-000000000119','b0000000-0000-0000-0000-000000000030','C) 1',false,2);
INSERT INTO choices (id,question_id,choice_text,is_correct,order_index) VALUES ('c0000000-0000-0000-0000-000000000120','b0000000-0000-0000-0000-000000000030','D) 4',false,3);
INSERT INTO questions (id,test_id,question_text,topic,order_index,correct_answer) VALUES ('b0000000-0000-0000-0000-000000000031','a0000000-0000-0000-0000-000000000003','To''g''ri burchakli uchburchakda o''tkir burchaklardan biri $35^\circ$ bo''lsa, ikkinchi o''tkir burchakni toping.','Geometriya (Planimetriya)',7,'A');
INSERT INTO choices (id,question_id,choice_text,is_correct,order_index) VALUES ('c0000000-0000-0000-0000-000000000121','b0000000-0000-0000-0000-000000000031','A) $55^\circ$',true,0);
INSERT INTO choices (id,question_id,choice_text,is_correct,order_index) VALUES ('c0000000-0000-0000-0000-000000000122','b0000000-0000-0000-0000-000000000031','B) $65^\circ$',false,1);
INSERT INTO choices (id,question_id,choice_text,is_correct,order_index) VALUES ('c0000000-0000-0000-0000-000000000123','b0000000-0000-0000-0000-000000000031','C) $45^\circ$',false,2);
INSERT INTO choices (id,question_id,choice_text,is_correct,order_index) VALUES ('c0000000-0000-0000-0000-000000000124','b0000000-0000-0000-0000-000000000031','D) $50^\circ$',false,3);
INSERT INTO questions (id,test_id,question_text,topic,order_index,correct_answer) VALUES ('b0000000-0000-0000-0000-000000000032','a0000000-0000-0000-0000-000000000003','Aylana tashqarisidagi nuqtadan aylanaga o''tkazilgan urinma va kesuvchining uzunliklari mos ravishda 6 va 12 ga teng. Kesuvchining tashqi qismini toping.','Geometriya (Planimetriya)',8,'A');
INSERT INTO choices (id,question_id,choice_text,is_correct,order_index) VALUES ('c0000000-0000-0000-0000-000000000125','b0000000-0000-0000-0000-000000000032','A) 3',true,0);
INSERT INTO choices (id,question_id,choice_text,is_correct,order_index) VALUES ('c0000000-0000-0000-0000-000000000126','b0000000-0000-0000-0000-000000000032','B) 4',false,1);
INSERT INTO choices (id,question_id,choice_text,is_correct,order_index) VALUES ('c0000000-0000-0000-0000-000000000127','b0000000-0000-0000-0000-000000000032','C) 2',false,2);
INSERT INTO choices (id,question_id,choice_text,is_correct,order_index) VALUES ('c0000000-0000-0000-0000-000000000128','b0000000-0000-0000-0000-000000000032','D) 6',false,3);
INSERT INTO questions (id,test_id,question_text,topic,order_index,correct_answer) VALUES ('b0000000-0000-0000-0000-000000000033','a0000000-0000-0000-0000-000000000003','Parallelogrammning tomonlari 4 va 6 ga, ular orasidagi burchak $30^\circ$ ga teng. Uning yuzini toping.','Geometriya (Planimetriya)',9,'A');
INSERT INTO choices (id,question_id,choice_text,is_correct,order_index) VALUES ('c0000000-0000-0000-0000-000000000129','b0000000-0000-0000-0000-000000000033','A) 12',true,0);
INSERT INTO choices (id,question_id,choice_text,is_correct,order_index) VALUES ('c0000000-0000-0000-0000-000000000130','b0000000-0000-0000-0000-000000000033','B) 24',false,1);
INSERT INTO choices (id,question_id,choice_text,is_correct,order_index) VALUES ('c0000000-0000-0000-0000-000000000131','b0000000-0000-0000-0000-000000000033','C) $12\sqrt{3}$',false,2);
INSERT INTO choices (id,question_id,choice_text,is_correct,order_index) VALUES ('c0000000-0000-0000-0000-000000000132','b0000000-0000-0000-0000-000000000033','D) 18',false,3);
INSERT INTO questions (id,test_id,question_text,topic,order_index,correct_answer) VALUES ('b0000000-0000-0000-0000-000000000034','a0000000-0000-0000-0000-000000000003','Konusning o''q kesimi to''g''ri burchakli uchburchakdan iborat. Yasovchisi $4\sqrt{2}$ bo''lsa, asos radiusini toping.','Stereometriya va Fazoviy shakllar',10,'A');
INSERT INTO choices (id,question_id,choice_text,is_correct,order_index) VALUES ('c0000000-0000-0000-0000-000000000133','b0000000-0000-0000-0000-000000000034','A) 4',true,0);
INSERT INTO choices (id,question_id,choice_text,is_correct,order_index) VALUES ('c0000000-0000-0000-0000-000000000134','b0000000-0000-0000-0000-000000000034','B) 2',false,1);
INSERT INTO choices (id,question_id,choice_text,is_correct,order_index) VALUES ('c0000000-0000-0000-0000-000000000135','b0000000-0000-0000-0000-000000000034','C) $2\sqrt{2}$',false,2);
INSERT INTO choices (id,question_id,choice_text,is_correct,order_index) VALUES ('c0000000-0000-0000-0000-000000000136','b0000000-0000-0000-0000-000000000034','D) 8',false,3);
INSERT INTO questions (id,test_id,question_text,topic,order_index,correct_answer) VALUES ('b0000000-0000-0000-0000-000000000035','a0000000-0000-0000-0000-000000000003','Prizmaning 12 ta qirrasi bor. Uning nechta uchi bor?','Stereometriya va Fazoviy shakllar',11,'A');
INSERT INTO choices (id,question_id,choice_text,is_correct,order_index) VALUES ('c0000000-0000-0000-0000-000000000137','b0000000-0000-0000-0000-000000000035','A) 8',true,0);
INSERT INTO choices (id,question_id,choice_text,is_correct,order_index) VALUES ('c0000000-0000-0000-0000-000000000138','b0000000-0000-0000-0000-000000000035','B) 6',false,1);
INSERT INTO choices (id,question_id,choice_text,is_correct,order_index) VALUES ('c0000000-0000-0000-0000-000000000139','b0000000-0000-0000-0000-000000000035','C) 10',false,2);
INSERT INTO choices (id,question_id,choice_text,is_correct,order_index) VALUES ('c0000000-0000-0000-0000-000000000140','b0000000-0000-0000-0000-000000000035','D) 12',false,3);
INSERT INTO questions (id,test_id,question_text,topic,order_index,correct_answer) VALUES ('b0000000-0000-0000-0000-000000000036','a0000000-0000-0000-0000-000000000003','Silindr va konusning asoslari hamda balandliklari teng. Silindr hajmi 36 ga teng bo''lsa, konus hajmini toping.','Stereometriya va Fazoviy shakllar',12,'A');
INSERT INTO choices (id,question_id,choice_text,is_correct,order_index) VALUES ('c0000000-0000-0000-0000-000000000141','b0000000-0000-0000-0000-000000000036','A) 12',true,0);
INSERT INTO choices (id,question_id,choice_text,is_correct,order_index) VALUES ('c0000000-0000-0000-0000-000000000142','b0000000-0000-0000-0000-000000000036','B) 18',false,1);
INSERT INTO choices (id,question_id,choice_text,is_correct,order_index) VALUES ('c0000000-0000-0000-0000-000000000143','b0000000-0000-0000-0000-000000000036','C) 24',false,2);
INSERT INTO choices (id,question_id,choice_text,is_correct,order_index) VALUES ('c0000000-0000-0000-0000-000000000144','b0000000-0000-0000-0000-000000000036','D) 108',false,3);
INSERT INTO tests (id,title,subject,duration_minutes,description,is_published) VALUES ('a0000000-0000-0000-0000-000000000004','MATH GO - Variant 4','math',60,'Abituriyent matematika varianti 4',true);
INSERT INTO questions (id,test_id,question_text,topic,order_index,correct_answer) VALUES ('b0000000-0000-0000-0000-000000000037','a0000000-0000-0000-0000-000000000004','$x$ ning qanday qiymatida $\frac{x-1}{3} = \frac{2}{x}$ tenglik o''rinli bo''ladi?','Algebra va sonlar nazariyasi',1,'A');
INSERT INTO choices (id,question_id,choice_text,is_correct,order_index) VALUES ('c0000000-0000-0000-0000-000000000145','b0000000-0000-0000-0000-000000000037','A) 3 va -2',true,0);
INSERT INTO choices (id,question_id,choice_text,is_correct,order_index) VALUES ('c0000000-0000-0000-0000-000000000146','b0000000-0000-0000-0000-000000000037','B) -3 va 2',false,1);
INSERT INTO choices (id,question_id,choice_text,is_correct,order_index) VALUES ('c0000000-0000-0000-0000-000000000147','b0000000-0000-0000-0000-000000000037','C) 6 va -1',false,2);
INSERT INTO choices (id,question_id,choice_text,is_correct,order_index) VALUES ('c0000000-0000-0000-0000-000000000148','b0000000-0000-0000-0000-000000000037','D) 1 va 2',false,3);
INSERT INTO questions (id,test_id,question_text,topic,order_index,correct_answer) VALUES ('b0000000-0000-0000-0000-000000000038','a0000000-0000-0000-0000-000000000004','Sonli ifodani hisoblang: $\sqrt{48} - 2\sqrt{12} + \sqrt{3}$','Algebra va sonlar nazariyasi',2,'A');
INSERT INTO choices (id,question_id,choice_text,is_correct,order_index) VALUES ('c0000000-0000-0000-0000-000000000149','b0000000-0000-0000-0000-000000000038','A) $\sqrt{3}$',true,0);
INSERT INTO choices (id,question_id,choice_text,is_correct,order_index) VALUES ('c0000000-0000-0000-0000-000000000150','b0000000-0000-0000-0000-000000000038','B) $2\sqrt{3}$',false,1);
INSERT INTO choices (id,question_id,choice_text,is_correct,order_index) VALUES ('c0000000-0000-0000-0000-000000000151','b0000000-0000-0000-0000-000000000038','C) 0',false,2);
INSERT INTO choices (id,question_id,choice_text,is_correct,order_index) VALUES ('c0000000-0000-0000-0000-000000000152','b0000000-0000-0000-0000-000000000038','D) $3\sqrt{3}$',false,3);
INSERT INTO questions (id,test_id,question_text,topic,order_index,correct_answer) VALUES ('b0000000-0000-0000-0000-000000000039','a0000000-0000-0000-0000-000000000004','Proporsiyaning noma''lum hadini toping: $3 : x = 5 : 20$','Algebra va sonlar nazariyasi',3,'A');
INSERT INTO choices (id,question_id,choice_text,is_correct,order_index) VALUES ('c0000000-0000-0000-0000-000000000153','b0000000-0000-0000-0000-000000000039','A) 12',true,0);
INSERT INTO choices (id,question_id,choice_text,is_correct,order_index) VALUES ('c0000000-0000-0000-0000-000000000154','b0000000-0000-0000-0000-000000000039','B) 15',false,1);
INSERT INTO choices (id,question_id,choice_text,is_correct,order_index) VALUES ('c0000000-0000-0000-0000-000000000155','b0000000-0000-0000-0000-000000000039','C) 4',false,2);
INSERT INTO choices (id,question_id,choice_text,is_correct,order_index) VALUES ('c0000000-0000-0000-0000-000000000156','b0000000-0000-0000-0000-000000000039','D) 6',false,3);
INSERT INTO questions (id,test_id,question_text,topic,order_index,correct_answer) VALUES ('b0000000-0000-0000-0000-000000000040','a0000000-0000-0000-0000-000000000004','Trigonometrik tenglamani yeching: $\sin(x) = 1$','Funksiyalar va tenglamalar',4,'A');
INSERT INTO choices (id,question_id,choice_text,is_correct,order_index) VALUES ('c0000000-0000-0000-0000-000000000157','b0000000-0000-0000-0000-000000000040','A) $\frac{\pi}{2} + 2\pi k$',true,0);
INSERT INTO choices (id,question_id,choice_text,is_correct,order_index) VALUES ('c0000000-0000-0000-0000-000000000158','b0000000-0000-0000-0000-000000000040','B) $\pi k$',false,1);
INSERT INTO choices (id,question_id,choice_text,is_correct,order_index) VALUES ('c0000000-0000-0000-0000-000000000159','b0000000-0000-0000-0000-000000000040','C) $\pi + 2\pi k$',false,2);
INSERT INTO choices (id,question_id,choice_text,is_correct,order_index) VALUES ('c0000000-0000-0000-0000-000000000160','b0000000-0000-0000-0000-000000000040','D) $\frac{\pi}{2} + \pi k$',false,3);
INSERT INTO questions (id,test_id,question_text,topic,order_index,correct_answer) VALUES ('b0000000-0000-0000-0000-000000000041','a0000000-0000-0000-0000-000000000004','$y = 3^x - 2$ funksiyaning qiymatlar sohasini toping.','Funksiyalar va tenglamalar',5,'A');
INSERT INTO choices (id,question_id,choice_text,is_correct,order_index) VALUES ('c0000000-0000-0000-0000-000000000161','b0000000-0000-0000-0000-000000000041','A) $(-2; \infty)$',true,0);
INSERT INTO choices (id,question_id,choice_text,is_correct,order_index) VALUES ('c0000000-0000-0000-0000-000000000162','b0000000-0000-0000-0000-000000000041','B) $[-2; \infty)$',false,1);
INSERT INTO choices (id,question_id,choice_text,is_correct,order_index) VALUES ('c0000000-0000-0000-0000-000000000163','b0000000-0000-0000-0000-000000000041','C) $(0; \infty)$',false,2);
INSERT INTO choices (id,question_id,choice_text,is_correct,order_index) VALUES ('c0000000-0000-0000-0000-000000000164','b0000000-0000-0000-0000-000000000041','D) Barcha haqiqiy sonlar',false,3);
INSERT INTO questions (id,test_id,question_text,topic,order_index,correct_answer) VALUES ('b0000000-0000-0000-0000-000000000042','a0000000-0000-0000-0000-000000000004','Hosilani hisoblang: $f(x) = x^3 - 3x^2 + 5$ bo''lsa, $f''(1)$ ni toping.','Funksiyalar va tenglamalar',6,'A');
INSERT INTO choices (id,question_id,choice_text,is_correct,order_index) VALUES ('c0000000-0000-0000-0000-000000000165','b0000000-0000-0000-0000-000000000042','A) -3',true,0);
INSERT INTO choices (id,question_id,choice_text,is_correct,order_index) VALUES ('c0000000-0000-0000-0000-000000000166','b0000000-0000-0000-0000-000000000042','B) 3',false,1);
INSERT INTO choices (id,question_id,choice_text,is_correct,order_index) VALUES ('c0000000-0000-0000-0000-000000000167','b0000000-0000-0000-0000-000000000042','C) 0',false,2);
INSERT INTO choices (id,question_id,choice_text,is_correct,order_index) VALUES ('c0000000-0000-0000-0000-000000000168','b0000000-0000-0000-0000-000000000042','D) -2',false,3);
INSERT INTO questions (id,test_id,question_text,topic,order_index,correct_answer) VALUES ('b0000000-0000-0000-0000-000000000043','a0000000-0000-0000-0000-000000000004','Uchburchakning burchaklari 1:2:3 nisbatda. Eng katta burchakni toping.','Geometriya (Planimetriya)',7,'A');
INSERT INTO choices (id,question_id,choice_text,is_correct,order_index) VALUES ('c0000000-0000-0000-0000-000000000169','b0000000-0000-0000-0000-000000000043','A) $90^\circ$',true,0);
INSERT INTO choices (id,question_id,choice_text,is_correct,order_index) VALUES ('c0000000-0000-0000-0000-000000000170','b0000000-0000-0000-0000-000000000043','B) $60^\circ$',false,1);
INSERT INTO choices (id,question_id,choice_text,is_correct,order_index) VALUES ('c0000000-0000-0000-0000-000000000171','b0000000-0000-0000-0000-000000000043','C) $100^\circ$ ',false,2);
INSERT INTO choices (id,question_id,choice_text,is_correct,order_index) VALUES ('c0000000-0000-0000-0000-000000000172','b0000000-0000-0000-0000-000000000043','D) $120^\circ$',false,3);
INSERT INTO questions (id,test_id,question_text,topic,order_index,correct_answer) VALUES ('b0000000-0000-0000-0000-000000000044','a0000000-0000-0000-0000-000000000004','Radiusi 10 ga teng aylanadagi uzunligi 12 bo''lgan vatardan markazgacha masofani toping.','Geometriya (Planimetriya)',8,'A');
INSERT INTO choices (id,question_id,choice_text,is_correct,order_index) VALUES ('c0000000-0000-0000-0000-000000000173','b0000000-0000-0000-0000-000000000044','A) 8',true,0);
INSERT INTO choices (id,question_id,choice_text,is_correct,order_index) VALUES ('c0000000-0000-0000-0000-000000000174','b0000000-0000-0000-0000-000000000044','B) 6',false,1);
INSERT INTO choices (id,question_id,choice_text,is_correct,order_index) VALUES ('c0000000-0000-0000-0000-000000000175','b0000000-0000-0000-0000-000000000044','C) 5',false,2);
INSERT INTO choices (id,question_id,choice_text,is_correct,order_index) VALUES ('c0000000-0000-0000-0000-000000000176','b0000000-0000-0000-0000-000000000044','D) 7',false,3);
INSERT INTO questions (id,test_id,question_text,topic,order_index,correct_answer) VALUES ('b0000000-0000-0000-0000-000000000045','a0000000-0000-0000-0000-000000000004','Teng yonli uchburchakning perimetri 32 ga, asosi esa 12 ga teng. Yon tomonini toping.','Geometriya (Planimetriya)',9,'A');
INSERT INTO choices (id,question_id,choice_text,is_correct,order_index) VALUES ('c0000000-0000-0000-0000-000000000177','b0000000-0000-0000-0000-000000000045','A) 10',true,0);
INSERT INTO choices (id,question_id,choice_text,is_correct,order_index) VALUES ('c0000000-0000-0000-0000-000000000178','b0000000-0000-0000-0000-000000000045','B) 12',false,1);
INSERT INTO choices (id,question_id,choice_text,is_correct,order_index) VALUES ('c0000000-0000-0000-0000-000000000179','b0000000-0000-0000-0000-000000000045','C) 8',false,2);
INSERT INTO choices (id,question_id,choice_text,is_correct,order_index) VALUES ('c0000000-0000-0000-0000-000000000180','b0000000-0000-0000-0000-000000000045','D) 14',false,3);
INSERT INTO questions (id,test_id,question_text,topic,order_index,correct_answer) VALUES ('b0000000-0000-0000-0000-000000000046','a0000000-0000-0000-0000-000000000004','Kubning diagonali $4\sqrt{3}$ ga teng bo''lsa, uning hajmini toping.','Stereometriya va Fazoviy shakllar',10,'A');
INSERT INTO choices (id,question_id,choice_text,is_correct,order_index) VALUES ('c0000000-0000-0000-0000-000000000181','b0000000-0000-0000-0000-000000000046','A) 64',true,0);
INSERT INTO choices (id,question_id,choice_text,is_correct,order_index) VALUES ('c0000000-0000-0000-0000-000000000182','b0000000-0000-0000-0000-000000000046','B) 16',false,1);
INSERT INTO choices (id,question_id,choice_text,is_correct,order_index) VALUES ('c0000000-0000-0000-0000-000000000183','b0000000-0000-0000-0000-000000000046','C) 12',false,2);
INSERT INTO choices (id,question_id,choice_text,is_correct,order_index) VALUES ('c0000000-0000-0000-0000-000000000184','b0000000-0000-0000-0000-000000000046','D) 48',false,3);
INSERT INTO questions (id,test_id,question_text,topic,order_index,correct_answer) VALUES ('b0000000-0000-0000-0000-000000000047','a0000000-0000-0000-0000-000000000004','To''la sirtining yuzi $24\pi$ bo''lgan sharning radiusini toping.','Stereometriya va Fazoviy shakllar',11,'A');
INSERT INTO choices (id,question_id,choice_text,is_correct,order_index) VALUES ('c0000000-0000-0000-0000-000000000185','b0000000-0000-0000-0000-000000000047','A) $\sqrt{6}$',true,0);
INSERT INTO choices (id,question_id,choice_text,is_correct,order_index) VALUES ('c0000000-0000-0000-0000-000000000186','b0000000-0000-0000-0000-000000000047','B) 6',false,1);
INSERT INTO choices (id,question_id,choice_text,is_correct,order_index) VALUES ('c0000000-0000-0000-0000-000000000187','b0000000-0000-0000-0000-000000000047','C) 2',false,2);
INSERT INTO choices (id,question_id,choice_text,is_correct,order_index) VALUES ('c0000000-0000-0000-0000-000000000188','b0000000-0000-0000-0000-000000000047','D) 3',false,3);
INSERT INTO questions (id,test_id,question_text,topic,order_index,correct_answer) VALUES ('b0000000-0000-0000-0000-000000000048','a0000000-0000-0000-0000-000000000004','Muntazam uchburchakli prizmaning barcha qirralari 2 ga teng. Hajmini toping.','Stereometriya va Fazoviy shakllar',12,'A');
INSERT INTO choices (id,question_id,choice_text,is_correct,order_index) VALUES ('c0000000-0000-0000-0000-000000000189','b0000000-0000-0000-0000-000000000048','A) $\sqrt{3}$',true,0);
INSERT INTO choices (id,question_id,choice_text,is_correct,order_index) VALUES ('c0000000-0000-0000-0000-000000000190','b0000000-0000-0000-0000-000000000048','B) $2\sqrt{3}$',false,1);
INSERT INTO choices (id,question_id,choice_text,is_correct,order_index) VALUES ('c0000000-0000-0000-0000-000000000191','b0000000-0000-0000-0000-000000000048','C) $4\sqrt{3}$',false,2);
INSERT INTO choices (id,question_id,choice_text,is_correct,order_index) VALUES ('c0000000-0000-0000-0000-000000000192','b0000000-0000-0000-0000-000000000048','D) 2',false,3);
INSERT INTO tests (id,title,subject,duration_minutes,description,is_published) VALUES ('a0000000-0000-0000-0000-000000000005','MATH GO - Variant 5','math',60,'Abituriyent matematika varianti 5',true);
INSERT INTO questions (id,test_id,question_text,topic,order_index,correct_answer) VALUES ('b0000000-0000-0000-0000-000000000049','a0000000-0000-0000-0000-000000000005','$|x - 2| + |x - 5|$ ifodani $2 < x < 5$ oraliqda soddalashtiring.','Algebra va sonlar nazariyasi',1,'A');
INSERT INTO choices (id,question_id,choice_text,is_correct,order_index) VALUES ('c0000000-0000-0000-0000-000000000193','b0000000-0000-0000-0000-000000000049','A) 3',true,0);
INSERT INTO choices (id,question_id,choice_text,is_correct,order_index) VALUES ('c0000000-0000-0000-0000-000000000194','b0000000-0000-0000-0000-000000000049','B) $2x - 7$',false,1);
INSERT INTO choices (id,question_id,choice_text,is_correct,order_index) VALUES ('c0000000-0000-0000-0000-000000000195','b0000000-0000-0000-0000-000000000049','C) -3',false,2);
INSERT INTO choices (id,question_id,choice_text,is_correct,order_index) VALUES ('c0000000-0000-0000-0000-000000000196','b0000000-0000-0000-0000-000000000049','D) 7',false,3);
INSERT INTO questions (id,test_id,question_text,topic,order_index,correct_answer) VALUES ('b0000000-0000-0000-0000-000000000050','a0000000-0000-0000-0000-000000000005','1 dan 20 gacha bo''lgan toq sonlar yig''indisini toping.','Algebra va sonlar nazariyasi',2,'A');
INSERT INTO choices (id,question_id,choice_text,is_correct,order_index) VALUES ('c0000000-0000-0000-0000-000000000197','b0000000-0000-0000-0000-000000000050','A) 100',true,0);
INSERT INTO choices (id,question_id,choice_text,is_correct,order_index) VALUES ('c0000000-0000-0000-0000-000000000198','b0000000-0000-0000-0000-000000000050','B) 120',false,1);
INSERT INTO choices (id,question_id,choice_text,is_correct,order_index) VALUES ('c0000000-0000-0000-0000-000000000199','b0000000-0000-0000-0000-000000000050','C) 90',false,2);
INSERT INTO choices (id,question_id,choice_text,is_correct,order_index) VALUES ('c0000000-0000-0000-0000-000000000200','b0000000-0000-0000-0000-000000000050','D) 110',false,3);
INSERT INTO questions (id,test_id,question_text,topic,order_index,correct_answer) VALUES ('b0000000-0000-0000-0000-000000000051','a0000000-0000-0000-0000-000000000005','Hisoblang: $\log_3 81 - \log_5 25$','Algebra va sonlar nazariyasi',3,'A');
INSERT INTO choices (id,question_id,choice_text,is_correct,order_index) VALUES ('c0000000-0000-0000-0000-000000000201','b0000000-0000-0000-0000-000000000051','A) 2',true,0);
INSERT INTO choices (id,question_id,choice_text,is_correct,order_index) VALUES ('c0000000-0000-0000-0000-000000000202','b0000000-0000-0000-0000-000000000051','B) 4',false,1);
INSERT INTO choices (id,question_id,choice_text,is_correct,order_index) VALUES ('c0000000-0000-0000-0000-000000000203','b0000000-0000-0000-0000-000000000051','C) 1',false,2);
INSERT INTO choices (id,question_id,choice_text,is_correct,order_index) VALUES ('c0000000-0000-0000-0000-000000000204','b0000000-0000-0000-0000-000000000051','D) 3',false,3);
INSERT INTO questions (id,test_id,question_text,topic,order_index,correct_answer) VALUES ('b0000000-0000-0000-0000-000000000052','a0000000-0000-0000-0000-000000000005','$f(x) = \sin(2x)$ funksiyaning eng kichik musbat davrini toping.','Funksiyalar va tenglamalar',4,'A');
INSERT INTO choices (id,question_id,choice_text,is_correct,order_index) VALUES ('c0000000-0000-0000-0000-000000000205','b0000000-0000-0000-0000-000000000052','A) $\pi$',true,0);
INSERT INTO choices (id,question_id,choice_text,is_correct,order_index) VALUES ('c0000000-0000-0000-0000-000000000206','b0000000-0000-0000-0000-000000000052','B) $2\pi$',false,1);
INSERT INTO choices (id,question_id,choice_text,is_correct,order_index) VALUES ('c0000000-0000-0000-0000-000000000207','b0000000-0000-0000-0000-000000000052','C) $\frac{\pi}{2}$',false,2);
INSERT INTO choices (id,question_id,choice_text,is_correct,order_index) VALUES ('c0000000-0000-0000-0000-000000000208','b0000000-0000-0000-0000-000000000052','D) $\frac{\pi}{4}$',false,3);
INSERT INTO questions (id,test_id,question_text,topic,order_index,correct_answer) VALUES ('b0000000-0000-0000-0000-000000000053','a0000000-0000-0000-0000-000000000005','Integralni hisoblang: $\int_1^2 2x \, dx$','Funksiyalar va tenglamalar',5,'A');
INSERT INTO choices (id,question_id,choice_text,is_correct,order_index) VALUES ('c0000000-0000-0000-0000-000000000209','b0000000-0000-0000-0000-000000000053','A) 3',true,0);
INSERT INTO choices (id,question_id,choice_text,is_correct,order_index) VALUES ('c0000000-0000-0000-0000-000000000210','b0000000-0000-0000-0000-000000000053','B) 4',false,1);
INSERT INTO choices (id,question_id,choice_text,is_correct,order_index) VALUES ('c0000000-0000-0000-0000-000000000211','b0000000-0000-0000-0000-000000000053','C) 2',false,2);
INSERT INTO choices (id,question_id,choice_text,is_correct,order_index) VALUES ('c0000000-0000-0000-0000-000000000212','b0000000-0000-0000-0000-000000000053','D) 5',false,3);
INSERT INTO questions (id,test_id,question_text,topic,order_index,correct_answer) VALUES ('b0000000-0000-0000-0000-000000000054','a0000000-0000-0000-0000-000000000005','Ko''paytuvchilarga ajrating: $x^3 - 8$','Funksiyalar va tenglamalar',6,'A');
INSERT INTO choices (id,question_id,choice_text,is_correct,order_index) VALUES ('c0000000-0000-0000-0000-000000000213','b0000000-0000-0000-0000-000000000054','A) $(x-2)(x^2+2x+4)$',true,0);
INSERT INTO choices (id,question_id,choice_text,is_correct,order_index) VALUES ('c0000000-0000-0000-0000-000000000214','b0000000-0000-0000-0000-000000000054','B) $(x-2)^3$',false,1);
INSERT INTO choices (id,question_id,choice_text,is_correct,order_index) VALUES ('c0000000-0000-0000-0000-000000000215','b0000000-0000-0000-0000-000000000054','C) $(x-2)(x^2-2x+4)$',false,2);
INSERT INTO choices (id,question_id,choice_text,is_correct,order_index) VALUES ('c0000000-0000-0000-0000-000000000216','b0000000-0000-0000-0000-000000000054','D) $(x+2)(x^2-2x+4)$',false,3);
INSERT INTO questions (id,test_id,question_text,topic,order_index,correct_answer) VALUES ('b0000000-0000-0000-0000-000000000055','a0000000-0000-0000-0000-000000000005','To''g''ri to''rtburchakning perimetri 20 ga, bir tomoni 6 ga teng. Uning yuzini toping.','Geometriya (Planimetriya)',7,'A');
INSERT INTO choices (id,question_id,choice_text,is_correct,order_index) VALUES ('c0000000-0000-0000-0000-000000000217','b0000000-0000-0000-0000-000000000055','A) 24',true,0);
INSERT INTO choices (id,question_id,choice_text,is_correct,order_index) VALUES ('c0000000-0000-0000-0000-000000000218','b0000000-0000-0000-0000-000000000055','B) 36',false,1);
INSERT INTO choices (id,question_id,choice_text,is_correct,order_index) VALUES ('c0000000-0000-0000-0000-000000000219','b0000000-0000-0000-0000-000000000055','C) 16',false,2);
INSERT INTO choices (id,question_id,choice_text,is_correct,order_index) VALUES ('c0000000-0000-0000-0000-000000000220','b0000000-0000-0000-0000-000000000055','D) 40',false,3);
INSERT INTO questions (id,test_id,question_text,topic,order_index,correct_answer) VALUES ('b0000000-0000-0000-0000-000000000056','a0000000-0000-0000-0000-000000000005','Ikki o''xshash uchburchakning yuzlari nisbati 4:9 kabi. Ularning mos balandliklari nisbatini toping.','Geometriya (Planimetriya)',8,'A');
INSERT INTO choices (id,question_id,choice_text,is_correct,order_index) VALUES ('c0000000-0000-0000-0000-000000000221','b0000000-0000-0000-0000-000000000056','A) 2:3',true,0);
INSERT INTO choices (id,question_id,choice_text,is_correct,order_index) VALUES ('c0000000-0000-0000-0000-000000000222','b0000000-0000-0000-0000-000000000056','B) 4:9',false,1);
INSERT INTO choices (id,question_id,choice_text,is_correct,order_index) VALUES ('c0000000-0000-0000-0000-000000000223','b0000000-0000-0000-0000-000000000056','C) 16:81',false,2);
INSERT INTO choices (id,question_id,choice_text,is_correct,order_index) VALUES ('c0000000-0000-0000-0000-000000000224','b0000000-0000-0000-0000-000000000056','D) 1:2',false,3);
INSERT INTO questions (id,test_id,question_text,topic,order_index,correct_answer) VALUES ('b0000000-0000-0000-0000-000000000057','a0000000-0000-0000-0000-000000000005','Markaziy burchagi $60^\circ$ va radiusi 6 bo''lgan yoy uzunligini toping.','Geometriya (Planimetriya)',9,'A');
INSERT INTO choices (id,question_id,choice_text,is_correct,order_index) VALUES ('c0000000-0000-0000-0000-000000000225','b0000000-0000-0000-0000-000000000057','A) $2\pi$',true,0);
INSERT INTO choices (id,question_id,choice_text,is_correct,order_index) VALUES ('c0000000-0000-0000-0000-000000000226','b0000000-0000-0000-0000-000000000057','B) $\pi$',false,1);
INSERT INTO choices (id,question_id,choice_text,is_correct,order_index) VALUES ('c0000000-0000-0000-0000-000000000227','b0000000-0000-0000-0000-000000000057','C) $3\pi$',false,2);
INSERT INTO choices (id,question_id,choice_text,is_correct,order_index) VALUES ('c0000000-0000-0000-0000-000000000228','b0000000-0000-0000-0000-000000000057','D) $6\pi$',false,3);
INSERT INTO questions (id,test_id,question_text,topic,order_index,correct_answer) VALUES ('b0000000-0000-0000-0000-000000000058','a0000000-0000-0000-0000-000000000005','Kesik konusning asoslari radiuslari 2 va 4 ga, balandligi 3 ga teng. Hajmini toping.','Stereometriya va Fazoviy shakllar',10,'A');
INSERT INTO choices (id,question_id,choice_text,is_correct,order_index) VALUES ('c0000000-0000-0000-0000-000000000229','b0000000-0000-0000-0000-000000000058','A) $28\pi$',true,0);
INSERT INTO choices (id,question_id,choice_text,is_correct,order_index) VALUES ('c0000000-0000-0000-0000-000000000230','b0000000-0000-0000-0000-000000000058','B) $14\pi$',false,1);
INSERT INTO choices (id,question_id,choice_text,is_correct,order_index) VALUES ('c0000000-0000-0000-0000-000000000231','b0000000-0000-0000-0000-000000000058','C) $56\pi$',false,2);
INSERT INTO choices (id,question_id,choice_text,is_correct,order_index) VALUES ('c0000000-0000-0000-0000-000000000232','b0000000-0000-0000-0000-000000000058','D) $30\pi$',false,3);
INSERT INTO questions (id,test_id,question_text,topic,order_index,correct_answer) VALUES ('b0000000-0000-0000-0000-000000000059','a0000000-0000-0000-0000-000000000005','Ikki sharning hajmlari nisbati 1:8 kabi. Ularning sirtlari yuzlari nisbatini toping.','Stereometriya va Fazoviy shakllar',11,'A');
INSERT INTO choices (id,question_id,choice_text,is_correct,order_index) VALUES ('c0000000-0000-0000-0000-000000000233','b0000000-0000-0000-0000-000000000059','A) 1:4',true,0);
INSERT INTO choices (id,question_id,choice_text,is_correct,order_index) VALUES ('c0000000-0000-0000-0000-000000000234','b0000000-0000-0000-0000-000000000059','B) 1:2',false,1);
INSERT INTO choices (id,question_id,choice_text,is_correct,order_index) VALUES ('c0000000-0000-0000-0000-000000000235','b0000000-0000-0000-0000-000000000059','C) 1:16',false,2);
INSERT INTO choices (id,question_id,choice_text,is_correct,order_index) VALUES ('c0000000-0000-0000-0000-000000000236','b0000000-0000-0000-0000-000000000059','D) 1:8',false,3);
INSERT INTO questions (id,test_id,question_text,topic,order_index,correct_answer) VALUES ('b0000000-0000-0000-0000-000000000060','a0000000-0000-0000-0000-000000000005','O''q kesimi tomoni 6 ga teng bo''lgan kvadratdan iborat silindrning hajmini toping.','Stereometriya va Fazoviy shakllar',12,'A');
INSERT INTO choices (id,question_id,choice_text,is_correct,order_index) VALUES ('c0000000-0000-0000-0000-000000000237','b0000000-0000-0000-0000-000000000060','A) $54\pi$',true,0);
INSERT INTO choices (id,question_id,choice_text,is_correct,order_index) VALUES ('c0000000-0000-0000-0000-000000000238','b0000000-0000-0000-0000-000000000060','B) $18\pi$',false,1);
INSERT INTO choices (id,question_id,choice_text,is_correct,order_index) VALUES ('c0000000-0000-0000-0000-000000000239','b0000000-0000-0000-0000-000000000060','C) $36\pi$',false,2);
INSERT INTO choices (id,question_id,choice_text,is_correct,order_index) VALUES ('c0000000-0000-0000-0000-000000000240','b0000000-0000-0000-0000-000000000060','D) $27\pi$',false,3);
COMMIT;